{"dim": 3, "default_connectivity_radius": 14, "sequence_length": 17, "pos_mean": [0.0028853252277553426, 0.000788440713660607, 51.51556669694598], "pos_std": [289.3108886809886, 577.4206397332322, 32.143749988417404], "vel_mean": [0.00020325228588025917, 5.129623497038194e-05, 0.2126265603522151], "vel_std": [0.0840366134772661, 0.08869090833982742, 0.5078112278187927], "acc_mean": [3.28726580911793e-07, -6.0884147785679534e-06, 0.006710579396403666], "acc_std": [0.043988073120792365, 0.06293670968028833, 0.08653583693718467], "meta_mean": [0, 0, -400, 144, 72, 4, 53.33], "meta_std": [29, 28, 82, 18.2, 9.1, 1.4, 20.6], "dt": 0.06, "bounds": [[-500, 500], [-1000, 1000], [4, 407]], "file_train": [], "file_valid": [], "file_test": ["d3plot6", "d3plot4", "d3plot2"]}